1, 329591, Ultimate Railroads, /boardgame/329591/ultimate-railroads
2, 310873, Carnegie, /boardgame/310873/carnegie
3, 316554, Dune: Imperium, /boardgame/316554/dune-imperium
4, 273330, Bloodborne: The Board Game, /boardgame/273330/bloodborne-board-game
5, 322289, Darwin's Journey, /boardgame/322289/darwins-journey
6, 303731, Primal: The Awakening, /boardgame/303731/primal-awakening
7, 312484, Lost Ruins of Arnak, /boardgame/312484/lost-ruins-arnak
8, 326945, Castles of Mad King Ludwig: Collector's Edition, /boardgame/326945/castles-mad-king-ludwig-collectors-edition
9, 162886, Spirit Island, /boardgame/162886/spirit-island
10, 174430, Gloomhaven, /boardgame/174430/gloomhaven
11, 291457, Gloomhaven: Jaws of the Lion, /boardgame/291457/gloomhaven-jaws-lion
12, 264220, Tainted Grail: The Fall of Avalon, /boardgame/264220/tainted-grail-fall-avalon
13, 167791, Terraforming Mars, /boardgame/167791/terraforming-mars
14, 271055, Dwellings of Eldervale, /boardgame/271055/dwellings-eldervale
15, 245934, Carpe Diem, /boardgame/245934/carpe-diem
16, 167355, Nemesis, /boardgame/167355/nemesis
17, 237182, Root, /boardgame/237182/root
18, 290236, Canvas, /boardgame/290236/canvas
19, 233868, HATE, /boardgame/233868/hate
20, 266192, Wingspan, /boardgame/266192/wingspan
21, 199792, Everdell, /boardgame/199792/everdell
22, 224517, Brass: Birmingham, /boardgame/224517/brass-birmingham
23, 205637, Arkham Horror: The Card Game, /boardgame/205637/arkham-horror-card-game
24, 285774, Marvel Champions: The Card Game, /boardgame/285774/marvel-champions-card-game
25, 329841, Ticket to Ride: Europe  15th Anniversary, /boardgame/329841/ticket-ride-europe-15th-anniversary
26, 262712, Res Arcana, /boardgame/262712/res-arcana
27, 276025, Maracaibo, /boardgame/276025/maracaibo
28, 308765, Praga Caput Regni, /boardgame/308765/praga-caput-regni
29, 144733, Russian Railroads, /boardgame/144733/russian-railroads
30, 329082, Radlands, /boardgame/329082/radlands
31, 169786, Scythe, /boardgame/169786/scythe
32, 284083, The Crew: The Quest for Planet Nine, /boardgame/284083/crew-quest-planet-nine
33, 246900, Eclipse: Second Dawn for the Galaxy, /boardgame/246900/eclipse-second-dawn-galaxy
34, 306040, Merv: The Heart of the Silk Road, /boardgame/306040/merv-heart-silk-road
35, 316858, CloudAge, /boardgame/316858/cloudage
36, 284378, Kanban EV, /boardgame/284378/kanban-ev
37, 304051, Creature Comforts, /boardgame/304051/creature-comforts
38, 328871, Terraforming Mars: Ares Expedition, /boardgame/328871/terraforming-mars-ares-expedition
39, 271324, It's a Wonderful World, /boardgame/271324/its-wonderful-world
40, 318983, Faiyum, /boardgame/318983/faiyum
41, 283137, Human Punishment: The Beginning, /boardgame/283137/human-punishment-beginning
42, 12750, 1860: Railways on the Isle of Wight, /boardgame/12750/1860-railways-isle-wight
43, 220308, Gaia Project, /boardgame/220308/gaia-project
44, 286156, Wayfinders, /boardgame/286156/wayfinders
45, 300322, Hallertau, /boardgame/300322/hallertau
46, 184267, On Mars, /boardgame/184267/mars
47, 822, Carcassonne, /boardgame/822/carcassonne
48, 155426, Castles of Mad King Ludwig, /boardgame/155426/castles-mad-king-ludwig
49, 185343, Anachrony, /boardgame/185343/anachrony
50, 193738, Great Western Trail, /boardgame/193738/great-western-trail
